{
  "greet": {
    "precision": 1.0,
    "recall": 0.9333333333333333,
    "f1-score": 0.9655172413793104,
    "support": 15,
    "confused_with": {
      "goodbye": 1
    }
  },
  "goodbye": {
    "precision": 0.9285714285714286,
    "recall": 1.0,
    "f1-score": 0.962962962962963,
    "support": 13,
    "confused_with": {}
  },
  "email_confirmation": {
    "precision": 1.0,
    "recall": 1.0,
    "f1-score": 1.0,
    "support": 25,
    "confused_with": {}
  },
  "deny": {
    "precision": 1.0,
    "recall": 1.0,
    "f1-score": 1.0,
    "support": 7,
    "confused_with": {}
  },
  "restaurant_search": {
    "precision": 1.0,
    "recall": 1.0,
    "f1-score": 1.0,
    "support": 69,
    "confused_with": {}
  },
  "affirm": {
    "precision": 1.0,
    "recall": 1.0,
    "f1-score": 1.0,
    "support": 6,
    "confused_with": {}
  },
  "accuracy": 0.9925925925925926,
  "macro avg": {
    "precision": 0.9880952380952381,
    "recall": 0.9888888888888889,
    "f1-score": 0.9880800340570456,
    "support": 135
  },
  "weighted avg": {
    "precision": 0.993121693121693,
    "recall": 0.9925925925925926,
    "f1-score": 0.9926020528830236,
    "support": 135
  }
}